hash,short,date,author,subject,action,batch,value,risk,port,fork-overlap-files,notes
c3260e8e01e4704b57137d787ffe9cfec7941cbc,c3260e8e01,2026-08-01,Rajarshee Chatterjee,fix: resolve chapter download queue and removal issues (closes #1937),PORT,A3,HIGH,YELLOW,MANUAL,,Chapter download queue/removal. Fork has live bugs: deleteReadChaptersFromDb passes novelId twice (wrong folder); deleteDownloads UPDATE without WHERE wipes all flags.
c0877a9b0656e22c3c788854006fb456c3ed704a,c0877a9b06,2026-08-01,Rajarshee Chatterjee,feat: add ignorable app update notifications,PORT,B,HIGH,YELLOW,MANUAL,,Ignorable app update notifications (ignore-version persistence in useGithubUpdateChecker-like hook).
96fb52df1730912c40ee6918cf6a6fcd74e31cc8,96fb52df17,2026-08-01,Patrick Loser,feat: enhance stats with genre taxonomy and charts (#1919),PORT,D,HIGH,RED,MANUAL-rewrite,,Stats overhaul: genre taxonomy + SVG charts (#1919) - needs react-native-svg + raw-SQL stats rewrite.
76106317b68e8aade12b868afb16dda4671ceb16,76106317b6,2026-07-31,Rajarshee Chatterjee,fix: restore midnight dusk chip contrast (closes #1939),PORT,A1,MEDIUM,GREEN,DIRECT,,Midnight Dusk chip contrast (1-line SelectableChip).
e75f4fba5da08e2317cfed2fe92b8de09457475c,e75f4fba5d,2026-07-29,K1ngfish3r,feat: add more novel statuses and icons (#1931),PORT,A3,MEDIUM,YELLOW,MANUAL,"src/plugins/types/index.ts,src/screens/novel/components/Info/NovelInfoHeader.tsx",More novel statuses + icons (NovelStatus enum + getStatusIcon; skip .husky hunk).
4dc933ee5a361eb0535120fa192c1eb51ba8cc70,4dc933ee5a,2026-07-29,Rajarshee Chatterjee,fix: remove white flash during screen transitions (closes #1926) (#1927),PORT,B-stretch,MEDIUM,YELLOW,MANUAL,App.tsx,Remove white flash during screen transitions; replace config-plugin hunk with native res windowBackground change.
bfb12b04aa31e3013f50503697253b549ee9618c,bfb12b04aa,2026-07-29,Rajarshee Chatterjee,feat: add configurable automatic backup scheduling,SKIP,SKIP-NATIVE,-,-,-,"src/hooks/persisted/useSettings.ts,src/screens/settings/SettingsBackupScreen/index.tsx",Automatic backup scheduling needs upstream BackgroundTaskScheduler/WorkManager + expo native-file changes - fork would need from-scratch reimplementation on background-actions.
b7639ab55a308c55617f0088c193052b9e0bd2b2,b7639ab55a,2026-07-29,Patrick Loser,feat: upload javascript source maps (#1924),SKIP,SKIP-CI,-,-,-,src/components/AppErrorBoundary/AppErrorBoundary.tsx,Dev-tooling/CI.
ecc5b84a64ac1aa841583acb43d7ac8aab5a72c5,ecc5b84a64,2026-07-29,github-actions[bot],chore: release v2.1.2,SKIP,SKIP-RELEASE,-,-,-,package.json,Version bump; fork has own numbering (v2.1.3).
eb12bdfd623bd28c2c3f88f585fefca9352711a4,eb12bdfd62,2026-07-29,Rajarshee Chatterjee,fix: prevent novel genre rendering crashes,PORT,A3,HIGH,YELLOW,MANUAL,"src/screens/novel/components/EditInfoModal.tsx,src/screens/novel/components/Info/NovelInfoComponents.tsx","Novel genre rendering crash (parseGenres helper; fork has same split("","") pattern)."
9612bf6f893d0078c566f9651405097b7f8d1f24,9612bf6f89,2026-07-29,Rajarshee Chatterjee,chore: update translations (#1928),SKIP,SKIP-I18N,-,-,-,,Crowdin sync; fork strings at strings/languages with custom keys - manual per-key diff only.
0ed7d878b4b75e1f6ebc83d0978f05cad5920014,0ed7d878b4,2026-07-29,Rajarshee Chatterjee,fix: prevent white reader drawer seam,PORT,A1,LOW,YELLOW,MANUAL-trivial,src/screens/reader/ReaderScreen.tsx,White reader drawer seam; tiny hunk in fork-critical ReaderScreen.
5f45e4c7f2d4f77da3b73bdfdfcdb5b477fd6849,5f45e4c7f2,2026-07-28,Rajarshee Chatterjee,fix: recover interrupted chapter migrations,SKIP,SKIP-DRIZZLE,-,-,-,src/database/db.ts,Drizzle migration SQL; fork MigrationRunner already covers.
ca24671a2f847c5722009b6b8451e9c54d3a2c12,ca24671a2f,2026-07-28,Rajarshee Chatterjee,fix: support fork-safe preview builds,SKIP,SKIP-CI,-,-,-,,CI/preview flavor infra (fork has no preview variant).
ee3a4f20bc41ccf9e3f33ce37e7191cd5c7e6a17,ee3a4f20bc,2026-07-28,Rajarshee Chatterjee,fix: preserve default category after reordering (closes #1922),PORT,A2,HIGH,YELLOW,MANUAL,"src/database/queries/__tests__/CategoryQueries.test.ts,src/database/queries/__tests__/NovelQueries.test.ts,src/database/queries/CategoryQueries.ts,src/database/queries/NovelQueries.ts,src/screens/Categories/CategoriesScreen.tsx",Preserve default category after reorder (built-in IDs + positional sort); fork uses WHERE sort=1 in 4 places.
0c3542836c847c0e824e473c06394bd5219d6329,0c3542836c,2026-07-28,Rajarshee Chatterjee,fix: synchronize library updates and optimize import refreshes,PORT,A3,MEDIUM,YELLOW,MANUAL,"src/database/queries/ChapterQueries.ts,src/screens/library/hooks/useLibrary.ts",Library sync + import refresh (julianday trigger + lastUpdatedAt sort; fork triggers identical pre-fix).
f71c9c859471968684baef6e7f3da55a9d2f5821,f71c9c8594,2026-07-28,Patrick Loser,fix: ignore discord notifications outside the main repository (#1923),SKIP,SKIP-CI,-,-,-,,CI/notification infra.
f53546cc01d76b8b3f73ed4a3b88b374f775d746,f53546cc01,2026-07-28,github-actions[bot],chore: release v2.1.1,SKIP,SKIP-RELEASE,-,-,-,package.json,Version bump; fork has own numbering (v2.1.3).
594b078fad3308c284b3b9cd8484056b40d3c821,594b078fad,2026-07-28,Rajarshee Chatterjee,fix: harden database migration recovery,SKIP,SKIP-DRIZZLE,-,-,-,src/database/db.ts,Drizzle migration SQL; fork MigrationRunner already covers.
ac1b2f5ce446ae90db315be11d1494bc49539f40,ac1b2f5ce4,2026-07-27,Rajarshee Chatterjee,feat: add durable completion notifications,SKIP,SKIP-NATIVE,-,-,-,,Durable completion notifications built on upstream native-background-tasks/WorkManager - fork has no such infra.
648d21062f8812ae2a8526954a374424c0dede3c,648d21062f,2026-07-27,Rajarshee Chatterjee,feat: add parallel task queues with per-plugin download limits,SKIP,SKIP-NATIVE,-,-,-,src/services/migrate/migrateNovel.ts,Parallel task queues + per-plugin download limits depend on upstream BackgroundTaskDao/scheduler - would need reimplementation on ServiceManager queue.
89d715ce6bc22ea15885ff86b3359033f3253b4c,89d715ce6b,2026-07-27,Rajarshee Chatterjee,docs: replace beta badge with build preview status,SKIP,SKIP-DOCS,-,-,-,README.md,Documentation only.
bd527a02efa9d642b7168e432bfb965a0ae85f51,bd527a02ef,2026-07-27,Rajarshee Chatterjee,"feat: improve backup selection, notifications, and plugin restore",PORT,D-optional,HIGH,RED,MANUAL,"src/components/Checkbox/Checkbox.tsx,src/screens/settings/SettingsBackupScreen/Components/GoogleDriveModal.tsx,src/screens/settings/SettingsBackupScreen/Components/SelfHostModal.tsx,src/screens/settings/SettingsBackupScreen/index.tsx,src/services/backup/local/index.ts,src/services/backup/types.ts,src/services/backup/utils.ts","Backup selection/notifications/plugin-restore overhaul (+2021/-249, 31 files). Port only selection/options/plugin-restore slices as dedicated effort."
11117c1b5404820868683522242296d4f61d7642,11117c1b54,2026-07-27,Rajarshee Chatterjee,feat: add github-style embed for nightly notifications,SKIP,SKIP-CI,-,-,-,,GitHub-style embed for nightly notifications - CI workflow only.
ba25d5b8fe3af0b006ad09293a499b58cbee1479,ba25d5b8fe,2026-07-27,Patrick Loser,feat: add rozenite devtools integration (#1912),SKIP,SKIP-INFRA,-,-,-,"App.tsx,package.json,pnpm-lock.yaml",op-sqlite adapter + metro config; fork uses expo-sqlite.
31cb4b994a332bd6f99864ba792aaa988bf4720b,31cb4b994a,2026-07-27,Rajarshee Chatterjee,fix: align bottom navigation with material 3 specs,PORT,A1,LOW,YELLOW,MANUAL-trivial,src/components/BottomTabBar/index.tsx,Bottom nav M3 padding. Fork BottomTabBar rewritten (getStyles + scaled padding.xs) so upstream hunk fails git apply --check - manual port (review 2026-08-04).
72ef618af1bdb6a40783ab119649e302a89e12d8,72ef618af1,2026-07-27,Rajarshee Chatterjee,fix: preserve existing data during novel counter migration,SKIP,SKIP-DRIZZLE,-,-,-,,Drizzle migration SQL; fork MigrationRunner already covers.
936fd223bbde71c3e0496f22ea4f28c9714d7987,936fd223bb,2026-07-27,Rajarshee Chatterjee,feat: add discord notifications for nightly builds,SKIP,SKIP-CI,-,-,-,,CI/discord notification infra.
6d26438d2dd5b7faf21786bc390ae83b43aca6d5,6d26438d2d,2026-07-27,Rajarshee Chatterjee,test: update expected database migrations,SKIP,SKIP-DRIZZLE,-,-,-,AGENTS.md,Drizzle migration SQL; fork MigrationRunner already covers.
5eb5a55c4c654c046f984f1e324b36587389dfa8,5eb5a55c4c,2026-07-27,Rajarshee Chatterjee,fix: repair skipped novel counter migrations,SKIP,SKIP-DRIZZLE,-,-,-,,Drizzle migration SQL; fork MigrationRunner already covers.
6cd86d1422de47dc8e08c53e645c678b39ed66cc,6cd86d1422,2026-07-27,Rajarshee Chatterjee,chore: update translations (#1906),SKIP,SKIP-I18N,-,-,-,,Crowdin sync; fork strings at strings/languages with custom keys - manual per-key diff only.
9783c4d5e3a0f7e5736d1fa50a8dd360a760f76c,9783c4d5e3,2026-07-26,Patrick Loser,fix: normalize repository back navigation (#1905),PORT,A1,LOW,YELLOW,MANUAL-trivial,src/screens/settings/SettingsRepositoryScreen/SettingsRepositoryScreen.tsx,Reclassified PORT-A1 per review 2026-08-04: small safe deletion (remove useBackHandler + popToTop); group1 subagent had recommended porting; fork carries identical pre-fix code.
87f602a1fdaaf4456b1947a6097b5a7e65caa1a3,87f602a1fd,2026-07-26,github-actions[bot],chore: release v2.1.0,SKIP,SKIP-RELEASE,-,-,-,package.json,Version bump; fork has own numbering (v2.1.3).
3d32ddd6e933d5b5208f7813b99b8755e700d483,3d32ddd6e9,2026-07-26,Rajarshee Chatterjee,fix: improve release selection and apk verification,SKIP,SKIP-RELEASE,-,-,-,,Version bump; fork has own numbering (v2.1.3).
7ddd934c2b834ba8fbed6969dab89728e3316251,7ddd934c2b,2026-07-26,Rajarshee Chatterjee,fix: handle missing tracker client ids,PORT,A3,MEDIUM,YELLOW,MANUAL,,Handle missing tracker client IDs (guard clauses in aniList.ts/myAnimeList.ts only).
b53c91f748581227d63a28d28d33de87c1cbb296,b53c91f748,2026-07-26,Rajarshee Chatterjee,chore: separate jest and type check workflows,SKIP,SKIP-CI,-,-,-,package.json,Fork has separate CI.
9d106a371620a513f1f4cf57f511936866a77fd2,9d106a3716,2026-07-26,Rajarshee Chatterjee,feat: add semantic version bump selection,SKIP,SKIP-CI,-,-,-,,Release automation.
8b0a8dc4c07b6d77532ef9b070bbce288afd92d4,8b0a8dc4c0,2026-07-26,Patrick Loser,chore: update husky pre-commit and pre-push hooks,SKIP,SKIP-INFRA,-,-,-,package.json,Fork has own hooks; bundled volume-module change conflicts.
72bfcad03469440c1e9cf5ff88b5ff97a544c45e,72bfcad034,2026-07-26,Patrick Loser,fix: resolve type and lint issues,SKIP,SKIP-OTHER,-,-,-,"eslint.config.js,src/components/ErrorView/ErrorView.tsx,src/database/queries/__tests__/NovelQueries.test.ts,src/database/queries/__tests__/StatsQueries.test.ts,src/hooks/common/useGithubUpdateChecker.ts,src/navigators/types/index.ts,src/screens/browse/discover/AniListTopNovels.tsx,src/screens/browse/discover/MalTopNovels.tsx,src/screens/browse/migration/MigrationSourceItem.tsx,src/screens/browse/SourceNovels.tsx,src/screens/BrowseSourceScreen/useBrowseSource.ts,src/screens/GlobalSearchScreen/GlobalSearchScreen.tsx,src/screens/library/hooks/useLibrary.ts,src/screens/more/About.tsx,src/screens/more/components/MoreHeader.tsx,src/screens/more/MoreScreen.tsx,src/screens/more/TaskQueueScreen.tsx,src/screens/reader/ChapterContext.tsx,src/screens/reader/components/ChapterDrawer/index.tsx,src/screens/reader/components/WebViewReader.tsx,src/screens/reader/ReaderScreen.tsx,src/screens/settings/SettingsBackupScreen/Components/GoogleDriveModal.tsx,src/screens/settings/SettingsBackupScreen/index.tsx,src/screens/settings/SettingsReaderScreen/SettingsReaderScreen.tsx,src/screens/settings/SettingsRepositoryScreen/components/RepositoryCard.tsx,src/screens/settings/SettingsTrackerScreen.tsx,src/screens/WebviewScreen/components/Appbar.tsx,src/screens/WebviewScreen/components/Menu.tsx,src/screens/WebviewScreen/WebviewScreen.tsx","TRAP: lint/type cleanup touching WebViewReader/ReaderScreen/ChapterContext/useLibrary - zero value, maximal conflict surface. NEVER cherry-pick."
345d084eba5f1862c37d15c3790ce36610116d70,345d084eba,2026-07-26,Rajarshee Chatterjee,feat: add chapter numbers to epub titles (closes #1405),PORT,B,HIGH,YELLOW,MANUAL,"src/hooks/persisted/useSettings.ts,src/screens/novel/components/ExportEpubModal.tsx,src/screens/novel/components/ExportNovelAsEpubButton.tsx",Chapter numbers in EPUB titles (setting + title composition; adapt to @cd-z/react-native-epub-creator).
10b6042a9c671f47ba33f7810c47935a54706f40,10b6042a9c,2026-07-26,Rajarshee Chatterjee,feat: add epub export progress notifications,SKIP,SKIP-INFRA,-,-,-,"src/screens/novel/components/ExportEpubModal.tsx,src/screens/novel/components/ExportNovelAsEpubButton.tsx",Expo infra commit.
bd7161172551568e579e60ece7072f8c5a05fa65,bd71611725,2026-07-26,Rajarshee Chatterjee,feat: improve chapter drawer and webview app bar,SKIP,SKIP-OTHER,-,-,-,"src/screens/reader/components/ChapterDrawer/index.tsx,src/screens/reader/ReaderScreen.tsx,src/screens/WebviewScreen/components/Appbar.tsx",No clear user value / overlaps fork-critical files or infra. See subagent report.
8f53550d2c6ec75b8d9cefe0142218aaec26f726,8f53550d2c,2026-07-26,Rajarshee Chatterjee,fix: restore tracker search requests,PORT,A3,HIGH,YELLOW,MANUAL,src/screens/novel/components/Tracker/TrackSearchDialog.tsx,Restore tracker search requests (scheduleSearch bypass + stale searchText; fork shares broken flow).
52914b978df3267342b9cd3d18270bf19ae5a7cb,52914b978d,2026-07-26,Rajarshee Chatterjee,fix: migrate volume button events to expo listener api,SKIP,ALREADY-HAVE,-,-,-,src/screens/reader/hooks/useChapter.ts,Fork has own volume-button listener wiring.
ff12759a66ad68791d7b8270579b8f7d020e73f5,ff12759a66,2026-07-26,Rajarshee Chatterjee,ci: run preview builds daily when missing,SKIP,SKIP-CI,-,-,-,,CI/preview flavor infra (fork has no preview variant).
e62868b82ccd1784ad83cd00d338c47d2818df94,e62868b82c,2026-07-26,Rajarshee Chatterjee,feat: automate draft android releases,SKIP,SKIP-RELEASE,-,-,-,".gitignore,package.json,src/hooks/common/useGithubUpdateChecker.ts",Version bump; fork has own numbering (v2.1.3).
97be48dfe17b6a5261284cc3052ab5dcbab8d20d,97be48dfe1,2026-07-26,Rajarshee Chatterjee,feat: add migration review options,PORT,B-stretch,MEDIUM,YELLOW,MANUAL,"AGENTS.md,src/screens/browse/migration/MigrationNovelList.tsx,src/services/migrate/migrateNovel.ts",Migration review options (cover/metadata/redownload + review dialog).
cbe7d70e2df349db7ebf36a448e1f84b3903fb78,cbe7d70e2d,2026-07-26,Rajarshee Chatterjee,fix: restore collapsed tts button interaction,SKIP,ALREADY-HAVE,-,-,-,,Fork index.js already guards TTS controller element.
6548e9a6f8efc0bb21e46af005072d7599b326e9,6548e9a6f8,2026-07-26,Rajarshee Chatterjee,fix: improve paged reader layout and performance,SKIP,SKIP-OTHER,-,-,-,src/screens/reader/ReaderScreen.tsx,No clear user value / overlaps fork-critical files or infra. See subagent report.
138fdff2e57e55e02f9775d11dfb47482701f5c5,138fdff2e5,2026-07-26,Rajarshee Chatterjee,fix: prevent duplicate webview bottom insets,PORT,B-stretch,MEDIUM,YELLOW,MANUAL,src/screens/WebviewScreen/WebviewScreen.tsx,Prevent duplicate WebView bottom insets (fork likely same bug).
f1dd4b77a891e501b9345e5d0fe81b6405bce450,f1dd4b77a8,2026-07-26,Rajarshee Chatterjee,feat: improve empty chapter reporting,SKIP,SKIP-OTHER,-,-,-,"src/screens/reader/components/WebViewReader.tsx,src/screens/reader/utils/sanitizeChapterText.ts",No clear user value / overlaps fork-critical files or infra. See subagent report.
9b356ffd17c28d7f37285157f3f34488af67a266,9b356ffd17,2026-07-26,Rajarshee Chatterjee,fix: preserve client ids and improve environment generation,SKIP,SKIP-OTHER,-,-,-,,No clear user value / overlaps fork-critical files or infra. See subagent report.
5cf7e15d7631f3ada56d4cb979694214745bd10d,5cf7e15d76,2026-07-26,Rajarshee Chatterjee,feat: add reader setting descriptions,SKIP,SKIP-OTHER,-,-,-,"src/screens/settings/SettingsReaderScreen/tabs/AccessibilityTab.tsx,src/screens/settings/SettingsReaderScreen/tabs/NavigationTab.tsx",No clear user value / overlaps fork-critical files or infra. See subagent report.
6a7e90c179b735521aa9d778e68f1727607e8ac5,6a7e90c179,2026-07-26,Rajarshee Chatterjee,fix: align advanced reader tabs and localize actions,SKIP,SKIP-OTHER,-,-,-,src/screens/settings/SettingsReaderScreen/tabs/AdvancedTab.tsx,No clear user value / overlaps fork-critical files or infra. See subagent report.
99c31d56bb45c6e04fe96cff3f14c3ca55fccba4,99c31d56bb,2026-07-26,Rajarshee Chatterjee,fix: use md3 outline variant for tab borders,PORT,C-optional,LOW,YELLOW,MANUAL,"src/screens/browse/BrowseScreen.tsx,src/screens/library/components/LibraryBottomSheet/LibraryBottomSheet.tsx,src/screens/library/LibraryScreen.tsx,src/screens/novel/components/NovelBottomSheet.tsx,src/screens/reader/components/ReaderBottomSheet/ReaderBottomSheet.tsx,src/screens/settings/SettingsReaderScreen/SettingsReaderScreen.tsx",MD3 outline variant for tab borders.
4d98247980c21f892df6cf0da19ecad8a6f0d136,4d98247980,2026-07-26,Rajarshee Chatterjee,feat: add android dns over https support,SKIP,ALREADY-HAVE,-,-,-,src/screens/settings/SettingsAdvancedScreen.tsx,Fork shipped own DoH (DoHManagerModule.kt) earlier.
164f5d259243a68f14a7e8a069b2e2cfc42aab84,164f5d2592,2026-07-25,Rajarshee Chatterjee,feat: add automatic library update scheduling,PORT,D-stretch,HIGH,YELLOW,MANUAL,src/hooks/persisted/useSettings.ts,Automatic library update scheduling - needs native scheduler on fork ServiceManager.
89cddf9e3d07d3f7a7c7cb71e8cc8e5e4e96fcc3,89cddf9e3d,2026-07-25,Rajarshee Chatterjee,fix: expand discover row ripple,SKIP,SKIP-OTHER,-,-,-,src/screens/browse/discover/DiscoverCard.tsx,No clear user value / overlaps fork-critical files or infra. See subagent report.
eac6ad584e85d4ed72cf76fafcde1c4d0551687d,eac6ad584e,2026-07-25,Rajarshee Chatterjee,feat: improve novel app bar and epub export ux,PORT,B-stretch,MEDIUM,YELLOW,MANUAL,"src/screens/novel/components/ExportEpubModal.tsx,src/screens/novel/components/JumpToChapterModal.tsx,src/screens/novel/components/NovelAppbar.tsx,src/screens/novel/components/NovelScreenList.tsx,src/screens/novel/NovelScreen.tsx",Novel app bar + EPUB export UX polish.
93fe04c28cc4776a96f86aa157b729ddf3c218c3,93fe04c28c,2026-07-25,Rajarshee Chatterjee,feat: polish reader controls and navigation,SKIP,SKIP-OTHER,-,-,-,"src/components/Common/ToggleButton.tsx,src/components/SegmentedControl/SegmentedControl.tsx,src/database/queries/ChapterQueries.ts,src/navigators/MoreStack.tsx,src/screens/browse/discover/DiscoverCard.tsx,src/screens/more/DownloadsScreen.tsx,src/screens/reader/components/ReaderAppbar.tsx,src/screens/reader/components/ReaderBottomSheet/ReaderBottomSheet.tsx,src/screens/reader/components/ReaderBottomSheet/ReaderFontPicker.tsx,src/screens/reader/components/ReaderBottomSheet/ReaderSheetPreferenceItem.tsx,src/screens/reader/components/ReaderBottomSheet/ReaderTextAlignSelector.tsx,src/screens/reader/components/ReaderBottomSheet/ReaderThemeSelector.tsx,src/screens/reader/components/ReaderBottomSheet/ReaderValueChange.tsx,src/screens/reader/components/ReaderBottomSheet/TextSizeSlider.tsx,src/screens/reader/components/ReaderBottomSheet/TTSTab.tsx,src/screens/reader/components/ReaderFooter.tsx,src/screens/reader/ReaderScreen.tsx,src/screens/settings/SettingsTrackerScreen.tsx",Broad reader-controls polish incl. Drizzle ChapterQueries limit + every fork-critical file. Only selective sub-fixes portable - see group2 report.
c9358b3a9fc49ad6a98ac0293da46bf9eab39bf8,c9358b3a9f,2026-07-25,Rajarshee Chatterjee,feat: update android branding assets,SKIP,SKIP-CI,-,-,-,,Binary assets; cherry-picks but inert.
67d2c7c01b101d83d0033aad2c0a99247f04620e,67d2c7c01b,2026-07-25,Rajarshee Chatterjee,feat: add collapsible tts controls and stable notification progress,SKIP,ALREADY-HAVE,-,-,-,,Collapsible TTS controls; fork has own TTS UI + stable progress.
c30441b9493d5e75fbe82a608b034c6239fa493f,c30441b949,2026-07-25,Rajarshee Chatterjee,feat: add smart library update filters,PORT,B-stretch,MEDIUM,YELLOW,MANUAL,src/hooks/persisted/useSettings.ts,Smart library update filters (skip read/completed/unstarted).
6d2a9f8e1530604860375a9be3abb92b4502d01b,6d2a9f8e15,2026-07-25,Rajarshee Chatterjee,fix: prevent slider flicker after release,PORT,C,LOW,GREEN,MANUAL,,Slider flicker fix - only after MD3 Slider ported.
799845426c8f2e651de508d471d8319add41d2cc,799845426c,2026-07-25,Rajarshee Chatterjee,feat: add parallel library updates across sources,PORT,B,MEDIUM,YELLOW,MANUAL,,Parallel library updates (group by pluginId + Promise.all concurrency 3; fork updates/index.ts is sequential sleep(1000)).
8ac628b3deda367f68af93f9f43d7a1da8c80f9d,8ac628b3de,2026-07-25,Rajarshee Chatterjee,fix: improve history removal flow.,PORT,B-stretch,MEDIUM,YELLOW,MANUAL,"src/database/queries/__tests__/HistoryQueries.test.ts,src/screens/history/components/HistoryCard/HistoryCard.tsx,src/screens/history/HistoryScreen.tsx",Per-novel history removal + confirm dialog.
d02291c22c079e5faee9817b00c7bd87ed7f47da,d02291c22c,2026-07-25,Rajarshee Chatterjee,feat: remember last used library category,PORT,B-stretch,MEDIUM,YELLOW,MANUAL,"src/hooks/persisted/useSettings.ts,src/screens/library/LibraryScreen.tsx",Remember last used library category.
7af0911f5b17e1c606dbf60e0f1d1b8863c78221,7af0911f5b,2026-07-25,Rajarshee Chatterjee,feat: add high-resolution android flavor assets,SKIP,SKIP-CI,-,-,-,,Binary flavor assets.
098782d6aa9a188bf007402155bd66e3dbc14523,098782d6aa,2026-07-25,Rajarshee Chatterjee,refactor: simplify settings layout and theme selection,PORT,C-optional,LOW,YELLOW,MANUAL,"package.json,pnpm-lock.yaml,src/components/List/List.tsx,src/components/ThemePicker/ThemePicker.tsx,src/screens/onboarding/ThemeSelectionStep.tsx,src/screens/settings/SettingsAppearanceScreen/SettingsAppearanceScreen.tsx,src/screens/settings/SettingsGeneralScreen/SettingsGeneralScreen.tsx,src/screens/settings/SettingsTrackerScreen.tsx",Simplify settings layout + theme selection (removes react-native-theme-switch-animation).
732628c40bb3f1afbbb0336577f9a56f97ef9115,732628c40b,2026-07-25,Rajarshee Chatterjee,feat: add date format and relative timestamp settings.,PORT,B-stretch,MEDIUM,YELLOW,MANUAL,"src/hooks/persisted/useSettings.ts,src/screens/history/HistoryScreen.tsx,src/screens/more/DownloadsScreen.tsx,src/screens/novel/components/ChapterItem.tsx,src/screens/novel/components/NovelScreenList.tsx,src/screens/settings/SettingsAppearanceScreen/SettingsAppearanceScreen.tsx,src/screens/settings/SettingsBackupScreen/Components/GoogleDriveModal.tsx,src/screens/updates/UpdatesScreen.tsx",Date format + relative timestamp settings.
5e62c36a9b0c0d7ca562383f2d9938e722216f00,5e62c36a9b,2026-07-25,Rajarshee Chatterjee,feat: add library settings and category-based global updates,PORT,D-optional,MEDIUM,RED,MANUAL-rewrite,"src/database/queries/__tests__/NovelQueries.test.ts,src/database/queries/NovelQueries.ts,src/hooks/persisted/useSettings.ts,src/navigators/MoreStack.tsx,src/navigators/types/index.ts,src/screens/settings/SettingsGeneralScreen/SettingsGeneralScreen.tsx,src/screens/settings/SettingsLibraryScreen/DefaultCategoryDialog.tsx,src/screens/settings/SettingsScreen.tsx",Library settings + category-based global updates; completes fork TODO-stubbed DefaultCategoryDialog but needs Drizzle->SQL rewrite.
3d102a52a7d780b096afd78c6d5214e46b670b47,3d102a52a7,2026-07-25,Rajarshee Chatterjee,perf(reader): cut chapter open latency and reading-time re-renders (#1899),PORT,D,HIGH,RED,MANUAL-rewrite,"src/hooks/persisted/useSettings.ts,src/screens/reader/ChapterContext.tsx,src/screens/reader/components/ChapterDrawer/index.tsx,src/screens/reader/components/ReaderBottomSheet/ReaderBottomSheet.tsx,src/screens/reader/components/ReaderFooter.tsx,src/screens/reader/components/WebViewReader.tsx,src/screens/reader/hooks/useChapter.ts,src/screens/reader/ReaderScreen.tsx,src/screens/reader/utils/sanitizeChapterText.ts,src/screens/WebviewScreen/WebviewScreen.tsx","Reader perf sprint (#1899) - port TECHNIQUES (deferred fetch, HTML cache, lazy mount, coalesced scroll) not code."
4dcf21303715793087ea3bd49a9d510943e30944,4dcf213037,2026-07-25,Rajarshee Chatterjee,fix: restore reader changes reverted during expo migration,SKIP,SKIP-OTHER,-,-,-,,Restores upstream assets/reader/js/search.js (442 lines) - fork has no in-reader search; feature = 71da09ed. Skip.
4de82472ee70fd0c36114f0ee2e213ff6bf81099,4de82472ee,2026-07-25,Rajarshee Chatterjee,fix: resolve require cycles and legendlist render updates,SKIP,SKIP-DEP,-,-,-,"pnpm-lock.yaml,pnpm-workspace.yaml,src/components/SearchbarV2/SearchbarV2.tsx,src/screens/settings/SettingsRepositoryScreen/SettingsRepositoryScreen.tsx,src/services/backup/utils.ts",LegendList v3 patch + Drizzle manager; version mismatch.
58db0352e6359d4b1c69391d260105abbe4ede60,58db0352e6,2026-07-25,Rajarshee Chatterjee,fix: restore metro reader asset middleware,SKIP,ALREADY-HAVE,-,-,-,,Fork metro.config.cjs already serves reader assets.
74808f086e5e3fbd479138681d700814c3370386,74808f086e,2026-07-24,Rajarshee Chatterjee,feat: replace legacy media controls with nitro-powered playback (#1896),SKIP,ALREADY-HAVE,-,-,-,"babel.config.js,package.json,src/hooks/persisted/useSettings.ts,src/screens/reader/components/ReaderBottomSheet/TTSTab.tsx,src/screens/reader/components/WebViewReader.tsx,src/screens/reader/hooks/useChapter.ts,src/screens/reader/ReaderScreen.tsx,src/screens/settings/SettingsReaderScreen/Modals/VoicePickerModal.tsx,src/screens/settings/SettingsReaderScreen/SettingsReaderScreen.tsx,tsconfig.json",Nitro media controls; fork has own 5-button ttsNotification.ts.
b96351ea8117f4a1e464b0a7ab1820a557172c92,b96351ea81,2026-07-24,amir-rezaei,docs: fix contraction and missing article in `testing.md` (#1895),SKIP,SKIP-DOCS,-,-,-,,Documentation only.
eb8dc6df368ba7628178d6481294fca1b30f9019,eb8dc6df36,2026-07-24,amir-rezaei,"docs: fix ""withoud"" typo in `contributing-nix.md` (#1894)",SKIP,SKIP-DOCS,-,-,-,CONTRIBUTING-NIX.md,Documentation only.
0c8546188eb33a0ac3be46596503cd38e4fb4d75,0c8546188e,2026-07-24,Rajarshee Chatterjee,feat: add md3 slider component.,PORT,C,MEDIUM,YELLOW,MANUAL,"package.json,pnpm-lock.yaml,src/screens/reader/components/ReaderBottomSheet/ReaderValueChange.tsx,src/screens/reader/components/ReaderBottomSheet/TextSizeSlider.tsx,src/screens/reader/components/ReaderBottomSheet/TTSTab.tsx,src/screens/settings/SettingsReaderScreen/ReaderTextSize.tsx",MD3 Slider component (replaces @react-native-community/slider; coordinate package.json).
e9f6bdaa203890fb7d69b261f31afc431fba429c,e9f6bdaa20,2026-07-24,Rajarshee Chatterjee,fix: modernize menu styling and outside-tap dismissal,PORT,C,MEDIUM,YELLOW,MANUAL,src/components/Menu/index.tsx,Menu outside-tap dismissal modernization.
3d34658d0faee3f1a1dce6ed77f745804851c4c0,3d34658d0f,2026-07-24,Rajarshee Chatterjee,feat: add material 3 top tab indicators,PORT,C,MEDIUM,YELLOW,MANUAL,"src/screens/browse/BrowseScreen.tsx,src/screens/library/components/LibraryBottomSheet/LibraryBottomSheet.tsx,src/screens/library/LibraryScreen.tsx,src/screens/novel/components/NovelBottomSheet.tsx,src/screens/reader/components/ReaderBottomSheet/ReaderBottomSheet.tsx,src/screens/settings/SettingsReaderScreen/components/TabBar.tsx,src/screens/settings/SettingsReaderScreen/SettingsReaderScreen.tsx",M3 top tab indicators (new TopTabBar).
d44ce7412ac512b392d35e33d6dc9d98587a2350,d44ce7412a,2026-07-24,amir-rezaei,"docs: fix trailing period, organization expansion, and comma in `contributing.md` (#1893)",SKIP,SKIP-DOCS,-,-,-,,Documentation only.
17c891e1334409fa29d4a365b9ba46014b81b591,17c891e133,2026-07-24,Rajarshee Chatterjee,refactor: standardize bottom sheet ux and styling,PORT,C,MEDIUM,YELLOW,MANUAL,"src/components/BottomSheet/BottomSheet.tsx,src/hooks/persisted/useTheme.ts,src/screens/BrowseSourceScreen/components/FilterBottomSheet.tsx,src/screens/library/components/LibraryBottomSheet/LibraryBottomSheet.tsx,src/screens/library/LibraryScreen.tsx,src/screens/novel/components/NovelBottomSheet.tsx,src/screens/novel/components/PageNavigationBottomSheet.tsx,src/screens/novel/components/Tracker/TrackSheet.tsx,src/screens/reader/components/ReaderBottomSheet/ReaderBottomSheet.tsx,src/screens/settings/SettingsReaderScreen/SettingsReaderScreen.tsx",Standardize bottom sheet UX/styling (surfaceContainerLow in useTheme).
9805da63cf23d58f0561b9335e0a07c1789e9a82,9805da63cf,2026-07-24,Rajarshee Chatterjee,refactor: optimize novel screen performance and architecture,PORT,D-optional,HIGH,RED,MANUAL-rewrite,"src/screens/novel/components/EditInfoModal.tsx,src/screens/novel/components/ExportEpubModal.tsx,src/screens/novel/components/ExportNovelAsEpubButton.tsx,src/screens/novel/components/Info/NovelInfoComponents.tsx,src/screens/novel/components/Info/NovelInfoHeader.tsx,src/screens/novel/components/JumpToChapterModal.tsx,src/screens/novel/components/NovelAppbar.tsx,src/screens/novel/components/NovelBottomSheet.tsx,src/screens/novel/components/NovelScreenButtonGroup/NovelScreenButtonGroup.tsx,src/screens/novel/components/NovelScreenList.tsx,src/screens/novel/components/SetCategoriesModal.tsx,src/screens/novel/components/Tracker/ScoreSelectors.tsx,src/screens/novel/components/Tracker/TrackSheet.tsx,src/screens/novel/NovelScreen.tsx,src/services/migrate/migrateNovel.ts","Novel screen perf/architecture (zustand store upstream) - re-implement perf goals (skeletons, memo, lazy modals) on fork useNovel stack."
afc20277e0f8a8d4b49d1ebd1c7689c599ba2e06,afc20277e0,2026-07-24,Rajarshee Chatterjee,fix: restore android build types for ci,SKIP,SKIP-CI,-,-,-,".gitignore,package.json",rock-CLI CI/build infra.
14061d207b77d8930c4d15af135189ccb4f4bd9e,14061d207b,2026-07-24,amir-rezaei,"docs: fix title case headings, github capitalization, and e.g. formatting in `contributing.md` (#1892)",SKIP,SKIP-DOCS,-,-,-,,Documentation only.
916374b5df3cfa3b09d464109340ad81bdbef457,916374b5df,2026-07-24,Rajarshee Chatterjee,refactor: reorganize repository structure,SKIP,SKIP-INFRA,-,-,-,"babel.config.js,package.json,scripts/generate-string-types.cjs,src/components/ColorPickerModal/ColorPickerModal.tsx,src/components/ConfirmationDialog/ConfirmationDialog.tsx,src/components/NewUpdateDialog.tsx,src/components/NovelCover.tsx,src/components/SearchbarV2/SearchbarV2.tsx,src/database/queries/CategoryQueries.ts,src/database/queries/ChapterQueries.ts,src/database/queries/NovelQueries.ts,src/navigators/BottomNavigator.tsx,src/screens/browse/BrowseScreen.tsx,src/screens/browse/discover/DiscoverCard.tsx,src/screens/browse/migration/Migration.tsx,src/screens/browse/migration/MigrationNovelList.tsx,src/screens/browse/settings/modals/ConcurrentSearchesModal.tsx,src/screens/browse/SourceNovels.tsx,src/screens/BrowseSourceScreen/components/FilterBottomSheet.tsx,src/screens/Categories/CategoriesScreen.tsx,src/screens/Categories/components/AddCategoryModal.tsx,src/screens/Categories/components/DeleteCategoryModal.tsx,src/screens/GlobalSearchScreen/components/GlobalSearchResultsList.tsx,src/screens/GlobalSearchScreen/GlobalSearchScreen.tsx,src/screens/history/components/ClearHistoryDialog.tsx,src/screens/history/components/HistoryCard/HistoryCard.tsx,src/screens/history/HistoryScreen.tsx,src/screens/library/components/LibraryBottomSheet/LibraryBottomSheet.tsx,src/screens/library/LibraryScreen.tsx,src/screens/more/About.tsx,src/screens/more/components/RemoveDownloadsDialog.tsx,src/screens/more/DownloadsScreen.tsx,src/screens/more/MoreScreen.tsx,src/screens/more/TaskQueueScreen.tsx,src/screens/novel/components/Chapter/ChapterDownloadButtons.tsx,src/screens/novel/components/ChapterItem.tsx,src/screens/novel/components/DownloadCustomChapterModal.tsx,src/screens/novel/components/EditInfoModal.tsx,src/screens/novel/components/ExportEpubModal.tsx,src/screens/novel/components/ExportNovelAsEpubButton.tsx,src/screens/novel/components/Info/NovelInfoComponents.tsx,src/screens/novel/components/Info/NovelInfoHeader.tsx,src/screens/novel/components/JumpToChapterModal.tsx,src/screens/novel/components/NovelAppbar.tsx,src/screens/novel/components/NovelBottomSheet.tsx,src/screens/novel/components/NovelScreenButtonGroup/NovelScreenButtonGroup.tsx,src/screens/novel/components/NovelScreenList.tsx,src/screens/novel/components/NovelSummary/NovelSummary.tsx,src/screens/novel/components/SetCategoriesModal.tsx,src/screens/novel/components/Tracker/TrackSearchDialog.tsx,src/screens/novel/NovelScreen.tsx,src/screens/onboarding/OnboardingScreen.tsx,src/screens/onboarding/ThemeSelectionStep.tsx,src/screens/reader/components/ChapterDrawer/index.tsx,src/screens/reader/components/ReaderBottomSheet/ReaderBottomSheet.tsx,src/screens/reader/components/ReaderBottomSheet/ReaderFontPicker.tsx,src/screens/reader/components/ReaderBottomSheet/ReaderTextAlignSelector.tsx,src/screens/reader/components/ReaderBottomSheet/ReaderThemeSelector.tsx,src/screens/reader/components/ReaderBottomSheet/TextSizeSlider.tsx,src/screens/reader/components/ReaderBottomSheet/TTSTab.tsx,src/screens/reader/components/WebViewReader.tsx,src/screens/reader/hooks/useChapter.ts,src/screens/reader/ReaderScreen.tsx,src/screens/reader/utils/sanitizeChapterText.ts,src/screens/settings/components/ConnectionModal.tsx,src/screens/settings/SettingsAdvancedScreen.tsx,src/screens/settings/SettingsAppearanceScreen/LanguagePickerModal.tsx,src/screens/settings/SettingsAppearanceScreen/SettingsAppearanceScreen.tsx,src/screens/settings/SettingsBackupScreen/Components/GoogleDriveModal.tsx,src/screens/settings/SettingsBackupScreen/Components/SelfHostModal.tsx,src/screens/settings/SettingsBackupScreen/index.tsx,src/screens/settings/SettingsGeneralScreen/modals/DisplayModeModal.tsx,src/screens/settings/SettingsGeneralScreen/modals/GridSizeModal.tsx,src/screens/settings/SettingsGeneralScreen/modals/NovelBadgesModal.tsx,src/screens/settings/SettingsGeneralScreen/modals/NovelSortModal.tsx,src/screens/settings/SettingsGeneralScreen/SettingsGeneralScreen.tsx,src/screens/settings/SettingsLibraryScreen/DefaultCategoryDialog.tsx,src/screens/settings/SettingsReaderScreen/Modals/FontPickerModal.tsx,src/screens/settings/SettingsReaderScreen/Modals/VoicePickerModal.tsx,src/screens/settings/SettingsReaderScreen/ReaderTextSize.tsx,src/screens/settings/SettingsReaderScreen/SettingsReaderScreen.tsx,src/screens/settings/SettingsReaderScreen/tabs/AccessibilityTab.tsx,src/screens/settings/SettingsReaderScreen/tabs/AdvancedTab.tsx,src/screens/settings/SettingsReaderScreen/tabs/DisplayTab.tsx,src/screens/settings/SettingsReaderScreen/tabs/NavigationTab.tsx,src/screens/settings/SettingsReaderScreen/tabs/ThemeTab.tsx,src/screens/settings/SettingsRepositoryScreen/components/AddRepositoryModal.tsx,src/screens/settings/SettingsRepositoryScreen/components/DeleteRepositoryModal.tsx,src/screens/settings/SettingsRepositoryScreen/components/RepositoryCard.tsx,src/screens/settings/SettingsRepositoryScreen/SettingsRepositoryScreen.tsx,src/screens/settings/SettingsScreen.tsx,src/screens/settings/SettingsTrackerScreen.tsx,src/screens/StatsScreen/StatsScreen.tsx,src/screens/updates/UpdatesScreen.tsx,src/screens/WebviewScreen/components/Menu.tsx,src/services/backup/local/index.ts,src/services/backup/utils.ts,tsconfig.json","Pure repo shuffle (strings/ -> src/i18n/); zero value, huge conflicts."
0a2a6c96ca453fd68ce42d4723c0f42c0a730519,0a2a6c96ca,2026-07-24,Rajarshee Chatterjee,feat: add variant-specific android splash screens,SKIP,SKIP-CI,-,-,-,,Flavor-specific assets; fork has no variants.
65e86100304ae27ba8049937558b4e25b49252f6,65e8610030,2026-07-24,Rajarshee Chatterjee,refactor: replace bottom navigation shift with fade,PORT,A1,LOW,GREEN,DIRECT,src/navigators/BottomNavigator.tsx,Bottom nav shift->fade animation (1 line).
1322065290f63141633c30cd3013b7ba81c12fae,1322065290,2026-07-24,Rajarshee Chatterjee,feat: add variant-specific android app icons,SKIP,SKIP-CI,-,-,-,,Flavor-specific assets.
22a1efd1e5c548a27b3ab3b8c54909a5092c1e37,22a1efd1e5,2026-07-24,Rajarshee Chatterjee,perf: optimize react native skeleton loading components,SKIP,SKIP-DEP,-,-,-,"src/components/Skeleton/Skeleton.tsx,src/screens/browse/loadingAnimation/MalLoading.tsx,src/screens/browse/loadingAnimation/TrackerLoading.tsx,src/screens/history/components/HistorySkeletonLoading.tsx,src/screens/novel/components/Info/NovelInfoHeader.tsx,src/screens/novel/components/LoadingAnimation/NovelScreenLoading.tsx,src/screens/updates/components/UpdatesSkeletonLoading.tsx",Reanimated shimmer rewrite; fork has own optimized Skeleton.
269606ebb8e352f72fbab401bd5d93ed15c1a7a2,269606ebb8,2026-07-24,Rajarshee Chatterjee,fix: resolve nitro epub import alias,SKIP,SKIP-NITRO,-,-,-,tsconfig.json,Nitro module infra; fork uses custom Kotlin/JS. NOT-FEASIBLE.
4cb1890b62eb57cc75ca0628a11be312c930ddc4,4cb1890b62,2026-07-24,Rajarshee Chatterjee,feat: add nitro epub exporter,SKIP,ALREADY-HAVE,-,-,-,".gitignore,package.json,pnpm-lock.yaml,pnpm-workspace.yaml,src/screens/novel/components/ExportEpubModal.tsx,src/screens/novel/components/ExportNovelAsEpubButton.tsx,strings/languages/en/strings.json,strings/types/index.ts",Fork exports EPUB via @cd-z/react-native-epub-creator (JS).
a421177f0cb5b74e30b869c6595ed12c9263586a,a421177f0c,2026-07-24,Rajarshee Chatterjee,fix: improve category badge layout and drag reordering,PORT,A2,MEDIUM,YELLOW,MANUAL,"src/components/IconButtonV2/IconButtonV2.tsx,src/screens/Categories/CategoriesScreen.tsx,src/screens/Categories/components/CategoryCard.tsx",Category drag-reorder keyExtractor fix (fork CategoriesScreen.tsx:94 identical bug).
a16ec876311692a6cb3da9348d09e7cf287c9fb6,a16ec87631,2026-07-24,Rajarshee Chatterjee,"perf: optimize novel covers, lists, and chapter groups",PORT,D-optional,HIGH,RED,MANUAL-rewrite,"package.json,pnpm-lock.yaml,src/components/ErrorScreenV2/ErrorScreenV2.tsx,src/components/ListView.tsx,src/components/NovelCover.tsx,src/components/NovelList.tsx,src/database/queries/ChapterQueries.ts,src/database/types/index.ts,src/plugins/types/index.ts,src/screens/browse/discover/DiscoverNovelCard/index.tsx,src/screens/browse/globalsearch/GlobalSearchNovelCover.tsx,src/screens/GlobalSearchScreen/components/GlobalSearchResultsList.tsx,src/screens/history/components/HistoryCard/HistoryCard.tsx,src/screens/more/DownloadsScreen.tsx,src/screens/novel/components/ChapterItem.tsx,src/screens/novel/components/Info/NovelInfoComponents.tsx,src/screens/novel/components/Tracker/TrackSearchDialog.tsx,src/screens/StatsScreen/StatsScreen.tsx,src/screens/updates/components/UpdateNovelCard.tsx,src/screens/updates/UpdatesScreen.tsx","Novel covers/lists/chapter-group perf (expo-image, virtualized lists)."
dfd620aa292fadd3b8798013701ae1bef954fe57,dfd620aa29,2026-07-23,Rajarshee Chatterjee,feat: standardize dialogs with material 3 patterns,SKIP,SKIP-OTHER,-,-,-,"src/components/ColorPickerModal/ColorPickerModal.tsx,src/components/ConfirmationDialog/ConfirmationDialog.tsx,src/components/DialogTitle/DialogTitle.tsx,src/components/NewUpdateDialog.tsx,src/hooks/persisted/useTheme.ts,src/screens/browse/migration/MigrationNovelList.tsx,src/screens/browse/settings/modals/ConcurrentSearchesModal.tsx,src/screens/Categories/components/AddCategoryModal.tsx,src/screens/Categories/components/DeleteCategoryModal.tsx,src/screens/history/components/ClearHistoryDialog.tsx,src/screens/history/HistoryScreen.tsx,src/screens/more/components/RemoveDownloadsDialog.tsx,src/screens/more/DownloadsScreen.tsx,src/screens/novel/components/DownloadCustomChapterModal.tsx,src/screens/novel/components/EditInfoModal.tsx,src/screens/novel/components/ExportEpubModal.tsx,src/screens/novel/components/JumpToChapterModal.tsx,src/screens/novel/components/SetCategoriesModal.tsx,src/screens/novel/components/Tracker/TrackSearchDialog.tsx,src/screens/reader/components/ReaderBottomSheet/TTSTab.tsx,src/screens/settings/components/ConnectionModal.tsx,src/screens/settings/SettingsAdvancedScreen.tsx,src/screens/settings/SettingsAppearanceScreen/LanguagePickerModal.tsx,src/screens/settings/SettingsBackupScreen/Components/GoogleDriveModal.tsx,src/screens/settings/SettingsBackupScreen/Components/SelfHostModal.tsx,src/screens/settings/SettingsGeneralScreen/modals/DisplayModeModal.tsx,src/screens/settings/SettingsGeneralScreen/modals/GridSizeModal.tsx,src/screens/settings/SettingsGeneralScreen/modals/NovelBadgesModal.tsx,src/screens/settings/SettingsGeneralScreen/modals/NovelSortModal.tsx,src/screens/settings/SettingsLibraryScreen/DefaultCategoryDialog.tsx,src/screens/settings/SettingsReaderScreen/Modals/FontPickerModal.tsx,src/screens/settings/SettingsReaderScreen/Modals/VoicePickerModal.tsx,src/screens/settings/SettingsReaderScreen/tabs/AdvancedTab.tsx,src/screens/settings/SettingsRepositoryScreen/components/AddRepositoryModal.tsx,src/screens/settings/SettingsRepositoryScreen/components/DeleteRepositoryModal.tsx,src/screens/settings/SettingsTrackerScreen.tsx",No clear user value / overlaps fork-critical files or infra. See subagent report.
a5a6e8326f72d00271fd01cf8d6374cc35310147,a5a6e8326f,2026-07-23,Rajarshee Chatterjee,chore: update `@legendapp/list` to 3.3.3,SKIP,SKIP-DEP,-,-,-,"package.json,pnpm-lock.yaml,src/screens/library/components/LibraryBottomSheet/LibraryBottomSheet.tsx,src/screens/novel/components/JumpToChapterModal.tsx,src/screens/novel/components/NovelDrawer.tsx,src/screens/novel/components/NovelScreenList.tsx,src/screens/novel/components/PageNavigationBottomSheet.tsx,src/screens/novel/NovelScreen.tsx,src/screens/onboarding/ThemeSelectionStep.tsx,src/screens/reader/components/ChapterDrawer/index.tsx,src/screens/settings/SettingsReaderScreen/Modals/VoicePickerModal.tsx",Patches @legendapp/list@3.3.3; fork pins ^2.0.16.
7f48a8ba8299180ffd5b07ba6314960213cd13cd,7f48a8ba82,2026-07-23,Rajarshee Chatterjee,refactor: improve plugins screen ux and code,SKIP,SKIP-OTHER,-,-,-,"src/components/IconButtonV2/IconButtonV2.tsx,src/components/SearchbarV2/SearchbarV2.tsx,src/components/Switch/Switch.tsx,src/components/Switch/SwitchItem.tsx,src/hooks/persisted/index.ts,src/navigators/BottomNavigator.tsx,src/navigators/types/index.ts,src/screens/browse/BrowseScreen.tsx,src/screens/browse/components/AvailableTab.tsx,src/screens/browse/components/DeferredPluginListItem.tsx,src/screens/browse/components/InstalledTab.tsx,src/screens/browse/components/Modals/SourceSettings.tsx,src/screens/browse/components/PluginListItem.tsx,src/screens/browse/components/PluginListItemSkeleton.tsx,src/screens/browse/discover/DiscoverCard.tsx,src/screens/browse/migration/Migration.tsx,src/screens/browse/migration/MigrationNovels.tsx,src/screens/settings/SettingsRepositoryScreen/SettingsRepositoryScreen.tsx,strings/languages/en/strings.json,strings/types/index.ts",No clear user value / overlaps fork-critical files or infra. See subagent report.
ae34d7b4ec6be28f7ad5ae25c663c7d2b3db43ef,ae34d7b4ec,2026-07-23,Rajarshee Chatterjee,feat: add dynamic preview apk metadata,SKIP,SKIP-CI,-,-,-,,CI/preview flavor infra (fork has no preview variant).
44c8e54ed80bb47cc49c2461adca66ced94b2d1c,44c8e54ed8,2026-07-23,Rajarshee Chatterjee,feat: add dynamic material theme colors (closes #1863),PORT,C,HIGH,YELLOW,MANUAL,"App.tsx,package.json,pnpm-lock.yaml,src/hooks/persisted/useTheme.ts,src/screens/onboarding/ThemeSelectionStep.tsx,src/screens/settings/SettingsAppearanceScreen/SettingsAppearanceScreen.tsx,strings/languages/en/strings.json,strings/types/index.ts",Dynamic Material You theme colors (#1863) via @pchmn/expo-material3-theme.
4a4208e33602d65ef9942d05e54a692addd87e2f,4a4208e336,2026-07-23,Ecasept,feat: add time-tracking toggle and inactivity timeout (#1890),PORT,D,MEDIUM,RED,MANUAL-rewrite,"src/hooks/persisted/useSettings.ts,src/screens/reader/components/WebViewReader.tsx,src/screens/reader/hooks/useChapter.ts,src/screens/reader/ReaderScreen.tsx,src/screens/settings/SettingsGeneralScreen/SettingsGeneralScreen.tsx,strings/languages/en/strings.json,strings/types/index.ts",Time-tracking toggle + inactivity timeout (#1890) - after 89c43c1e.
d2385b8dc2a9cd911e7567e55d6b7dc2c43f2372,d2385b8dc2,2026-07-23,CD-Z,update build.yml,SKIP,SKIP-CI,-,-,-,,Fork has separate CI.
9babe1676dd053069d127743a61bc7a8bc11256c,9babe1676d,2026-07-22,Rajarshee Chatterjee,refactor: remove react native background actions manifest customization,SKIP,SKIP-NATIVE,-,-,-,package.json,Native background-task infra (WorkManager/Expo modules); fork uses background-actions + ServiceManager.
8c38f499e4b62de02157aa8dcd1c9207978033bf,8c38f499e4,2026-07-22,Rajarshee Chatterjee,chore: update appstate test setup and `pnpm` configuration,SKIP,SKIP-CI,-,-,-,,Test infra for feature fork lacks.
89c43c1eeffd5a9980b3aaebe647f3d94252f8b8,89c43c1eef,2026-07-22,Ecasept,feat: implement time tracking and statistics (#1886),PORT,D,HIGH,RED,MANUAL-rewrite,"src/database/queries/__tests__/StatsQueries.test.ts,src/database/queries/ChapterQueries.ts,src/database/queries/StatsQueries.ts,src/database/types/index.ts,src/screens/reader/components/WebViewReader.tsx,src/screens/reader/hooks/useChapter.ts,src/screens/StatsScreen/StatsScreen.tsx,strings/languages/en/strings.json,strings/types/index.ts",Time tracking & statistics (#1886) - rewrite raw-SQL table + hook + screen (fork has no timeSpent).
c3c891cea084796b3640233826dacfc7aab6f8d6,c3c891cea0,2026-07-22,Patrick Loser,refactor: migrate to expo managed workflow (#1885),SKIP,SKIP-INFRA,-,-,-,".gitignore,android/app/build.gradle,android/app/proguard-rules.pro,android/app/src/main/AndroidManifest.xml,android/app/src/main/java/com/rajarsheechatterjee/LNReader/MainActivity.kt,android/app/src/main/java/com/rajarsheechatterjee/LNReader/MainApplication.kt,android/app/src/main/java/com/rajarsheechatterjee/NativeFile/NativeFile.kt,android/app/src/main/res/raw/loading.json,android/build.gradle,android/gradle.properties,android/gradle/wrapper/gradle-wrapper.properties,android/settings.gradle,App.tsx,babel.config.js,eslint.config.js,ios/LNReader/Images.xcassets/AppIcon.appiconset/Contents.json,ios/loading.json,package.json,pnpm-lock.yaml,pnpm-workspace.yaml,src/components/BottomTabBar/index.tsx,src/components/EmptyView/EmptyView.tsx,src/components/ErrorScreenV2/ErrorScreenV2.tsx,src/components/IconButtonV2/IconButtonV2.tsx,src/components/NovelCover.tsx,src/components/NovelList.tsx,src/components/SearchbarV2/SearchbarV2.tsx,src/database/queries/CategoryQueries.ts,src/database/queries/ChapterQueries.ts,src/database/queries/NovelQueries.ts,src/hooks/persisted/useNovel.ts,src/plugins/helpers/fetch.ts,src/screens/browse/BrowseScreen.tsx,src/screens/browse/components/PluginListItem.tsx,src/screens/browse/loadingAnimation/MalLoading.tsx,src/screens/browse/loadingAnimation/TrackerLoading.tsx,src/screens/library/hooks/useLibrary.ts,src/screens/novel/components/ExportNovelAsEpubButton.tsx,src/screens/novel/components/Info/NovelInfoHeader.tsx,src/screens/novel/components/NovelScreenList.tsx,src/screens/onboarding/ThemeSelectionStep.tsx,src/screens/reader/components/ReaderFooter.tsx,src/screens/reader/components/WebViewReader.tsx,src/screens/reader/hooks/useChapter.ts,src/screens/settings/SettingsAppearanceScreen/SettingsAppearanceScreen.tsx,src/screens/settings/SettingsBackupScreen/index.tsx,src/screens/settings/SettingsReaderScreen/tabs/AdvancedTab.tsx,src/services/backup/local/index.ts,src/services/backup/utils.ts,src/theme/utils/setBarColor.ts,strings/languages/en/strings.json,strings/types/index.ts,tsconfig.json",Fork has separate CI. Managed-workflow migration (40 files) - relabeled SKIP-INFRA per review 2026-08-04.
e4cf64a112dbfd9f9dd853abec99afbdc09f1460,e4cf64a112,2026-07-22,Rajarshee Chatterjee,refactor: migrate background tasks to native android scheduling (#1889),SKIP,SKIP-NATIVE,-,-,-,"android/app/build.gradle,android/app/src/main/AndroidManifest.xml,android/app/src/main/java/com/rajarsheechatterjee/LNReader/MainApplication.kt,android/app/src/main/java/com/rajarsheechatterjee/NativeFile/NativeFile.kt,App.tsx,package.json,pnpm-lock.yaml,src/database/db.ts,src/database/queries/ChapterQueries.ts,src/database/queries/NovelQueries.ts,src/hooks/index.ts,src/hooks/persisted/useNovel.ts,src/screens/browse/migration/MigrationNovelList.tsx,src/screens/library/hooks/useLibrary.ts,src/screens/library/LibraryScreen.tsx,src/screens/more/MoreScreen.tsx,src/screens/more/TaskQueueScreen.tsx,src/screens/novel/components/ExportNovelAsEpubButton.tsx,src/screens/novel/components/NovelScreenList.tsx,src/screens/reader/hooks/useChapter.ts,src/screens/settings/SettingsBackupScreen/Components/GoogleDriveModal.tsx,src/screens/settings/SettingsBackupScreen/Components/SelfHostModal.tsx,src/screens/settings/SettingsBackupScreen/index.tsx,src/screens/settings/SettingsReaderScreen/tabs/AdvancedTab.tsx,src/screens/updates/UpdatesScreen.tsx,src/services/backup/local/index.ts,src/services/backup/utils.ts,src/services/migrate/migrateNovel.ts,src/services/ServiceManager.ts",Native background-task infra (WorkManager/Expo modules); fork uses background-actions + ServiceManager.
3e1e211098779264ba123121cc66bb48385fcf77,3e1e211098,2026-07-19,Luigi,feat: add address bar in webview (#1870),PORT,B-stretch,MEDIUM,YELLOW,MANUAL,"src/screens/WebviewScreen/components/Appbar.tsx,src/screens/WebviewScreen/WebviewScreen.tsx",WebView address bar (~11 lines WebviewScreen).
02b6b9848fb3349373de09a4343b6d273605b842,02b6b9848f,2026-07-19,Ecasept,fix: prevent webview reset when reader settings change (#1884),SKIP,ALREADY-HAVE,-,-,-,src/screens/reader/components/WebViewReader.tsx,Fork already syncs settings via injectJavaScript (no WebView reload).
71da09ed444707586eee6fc63f7f2ee182bb2cda,71da09ed44,2026-07-19,Shisii,feat(reader): add current chapter search (#1877),PORT,D,HIGH,RED,MANUAL-rewrite,"android/app/src/main/assets/css/index.css,android/app/src/main/assets/js/core.js,src/screens/reader/components/ReaderAppbar.tsx,src/screens/reader/components/WebViewReader.tsx,src/screens/reader/hooks/useChapter.ts,src/screens/reader/ReaderScreen.tsx,strings/languages/en/strings.json,strings/types/index.ts",In-chapter search (#1877) - re-adapt 442-line search.js against fork core.js.
4404494ec9a57c3d2a8b1afb4734c9fc569773a2,4404494ec9,2026-07-19,Rajarshee Chatterjee,fix(database): repair migration history for scanlator column,SKIP,SKIP-DRIZZLE,-,-,-,src/database/db.ts,Drizzle migration SQL; fork MigrationRunner already covers.
98a2a1d725d51d333ea3969b74434b2917a92161,98a2a1d725,2026-07-15,Luigi,feat: implement scanlator filtering (#1864),PORT,D-optional,MEDIUM,RED,MANUAL-rewrite,"App.tsx,src/components/Checkbox/Checkbox.tsx,src/components/NovelCover.tsx,src/components/Switch/Switch.tsx,src/components/Switch/SwitchItem.tsx,src/database/queries/ChapterQueries.ts,src/database/types/index.ts,src/plugins/types/index.ts,src/screens/history/components/HistoryCard/HistoryCard.tsx,src/screens/more/MoreScreen.tsx,src/screens/novel/components/ChapterItem.tsx,src/screens/novel/components/NovelAppbar.tsx,src/screens/novel/components/NovelBottomSheet.tsx,src/screens/novel/components/Tracker/TrackSearchDialog.tsx,src/screens/reader/components/ReaderBottomSheet/ReaderBottomSheet.tsx,src/screens/reader/components/ReaderBottomSheet/TTSTab.tsx,src/screens/reader/components/WebViewReader.tsx,src/screens/reader/hooks/useChapter.ts,src/screens/reader/ReaderScreen.tsx,src/screens/settings/SettingsReaderScreen/SettingsReaderScreen.tsx,src/screens/settings/SettingsReaderScreen/tabs/AdvancedTab.tsx,strings/languages/en/strings.json,strings/types/index.ts",Scanlator filtering - needs schema migration + plugin pipeline change; aggregator sources only.
788f6cede7a5676a3d30cf0fd8e565cddd3c486c,788f6cede7,2026-07-13,Palloxin,fix: prevent table overflow and clean up css (#1876) (#1876),PORT,A1,MEDIUM,GREEN,DIRECT,android/app/src/main/assets/css/index.css,Reader table-overflow CSS fix (index.css).
7abee71ac33ab4b16c0c2a629640b1a7c2f5eb3b,7abee71ac3,2026-07-13,Rajarshee Chatterjee,test: generate debug environment variables in testing workflow,SKIP,SKIP-CI,-,-,-,,Fork has separate CI.
52d5c99c46b14148bd262c878701abf91c8b593b,52d5c99c46,2026-07-02,Rajarshee Chatterjee,fix: order epub chapters across paginated pages (closes #1762),PORT,A2,MEDIUM,YELLOW,MANUAL,src/database/queries/ChapterQueries.ts,"EPUB chapters page ordering (getNovelDownloadedChapters ORDER BY page ASC, position ASC); fork has page column."
93bc5e5e4bac14fea10913cb215a7d9c297d6c31,93bc5e5e4b,2026-07-02,Rajarshee Chatterjee,fix: handle missing mal list entries and null progress (closes #1875),PORT,A1,MEDIUM,YELLOW,MANUAL,,MAL null progress fix. myAnimeList.ts diverged in fork (@env client id, WebBrowser, pkceChallenger) - only SetTrackChaptersDialog hunk ports cleanly; MANUAL (review 2026-08-04).
5d996f13883219090ad39ddbe7b52e88e36107c7,5d996f1388,2026-07-01,Jeon JaeHyeong,feat(downloads): make chapter download cooldown configurable (#1834),PORT,B,MEDIUM,YELLOW,MANUAL,"src/hooks/persisted/useSettings.ts,src/screens/settings/SettingsGeneralScreen/SettingsGeneralScreen.tsx,strings/languages/en/strings.json",Configurable chapter download cooldown (replaces hardcoded sleep(1000) in downloadChapter.ts).
bbb2645a6f6c47f7cda8d83ef096c329e03ffa6a,bbb2645a6f,2026-07-01,Palloxin,chore: clean reader preview content (#1867),SKIP,SKIP-CI,-,-,-,,CI/preview flavor infra (fork has no preview variant).
54fedc2f531ecdda29dea74f3cc279a7a4525261,54fedc2f53,2026-07-01,Vikas Movva,fix(tts): remove leading and trailing quotes from normalized text (#1869),PORT,A1,HIGH,YELLOW,MANUAL-trivial,android/app/src/main/assets/js/core.js,"TTS normalizeText quote-strip (1 line, core.js:2203). Improves fork TTS output."
e8c5550256dfe06c5ae12c106801e8688173a830,e8c5550256,2026-07-01,Palloxin,perf: optimize regex for removing extra paragraph spacing (#1872),SKIP,SKIP-OTHER,-,-,-,android/app/src/main/assets/js/core.js,No clear user value / overlaps fork-critical files or infra. See subagent report.
57b9d41b5c3eacc9cbf5e38082c4efb2a1a11f5e,57b9d41b5c,2026-07-01,Ali Hamza Malik,fix(service): correct notification throttle logic in servicemanager.setmeta (#1873),PORT,A1,MEDIUM,GREEN,DIRECT,src/services/ServiceManager.ts,"ServiceManager.setMeta throttle (fork has inverted condition + negative delay, :152-153)."
34be7a123499cc7733161482fdf5d42e4c1bae51,34be7a1234,2026-05-24,Jeon JaeHyeong,fix(native-file): prevent fatal crash when unlinking missing files (#1832),PORT,A1,HIGH,GREEN,DIRECT,android/app/src/main/java/com/rajarsheechatterjee/NativeFile/NativeFile.kt,NativeFile.kt unlink crash fix; fork byte-identical pre-fix (throw->return). Top crash fix.
60f42ed6243dc5d4daa68c727d60c9fb5dd6576a,60f42ed624,2026-05-24,Jeon JaeHyeong,chore(build): patch @rock-js/plugin-metro for windows compatibility (#1830),SKIP,SKIP-INFRA,-,-,-,"android/settings.gradle,pnpm-lock.yaml,pnpm-workspace.yaml",rock CLI build system; fork uses community CLI + Gradle 9.2.0.
25c93afabe24d34f2130ee0fd7e0846a9b4861ff,25c93afabe,2026-05-24,Anthony Truong,fix(reader): restore saved chapter progress from db if available (#1850),PORT,A3,MEDIUM,YELLOW,MANUAL,src/screens/reader/hooks/useChapter.ts,Restore chapter progress from DB on reader open (3 lines useChapter.ts).
2cd5a97ee8e482e92b45e9b702c9ba974e06a092,2cd5a97ee8,2026-05-10,Gaurav Tupe,fix: await database operations inside transactions (#1845),SKIP,SKIP-DRIZZLE,-,-,-,"src/database/queries/CategoryQueries.ts,src/database/queries/ChapterQueries.ts,src/database/queries/NovelQueries.ts",await DB ops in transactions (op-sqlite tx API) - NOT-FEASIBLE direct; CONCEPT applies to fork unawaited runAsync in NovelQueries (audit follow-up).
8f47e8fd1e1aedaf22df8275484f27b5d40b2a39,8f47e8fd1e,2026-05-07,Patrick Loser,theme switcher refactor (#1839),PORT,C,MEDIUM,YELLOW,MANUAL,"App.tsx,package.json,pnpm-lock.yaml,src/components/BottomTabBar/index.tsx,src/components/ColorPickerModal/ColorPickerModal.tsx,src/components/List/List.tsx,src/components/SegmentedControl/SegmentedControl.tsx,src/components/ThemePicker/ThemePicker.tsx,src/hooks/persisted/index.ts,src/hooks/persisted/useTheme.ts,src/screens/onboarding/ThemeSelectionStep.tsx,src/screens/settings/SettingsAppearanceScreen/LanguagePickerModal.tsx,src/screens/settings/SettingsAppearanceScreen/SettingsAppearanceScreen.tsx,src/theme/utils/setBarColor.ts",Theme switcher refactor (#1839) - prerequisite for dynamic colors; fork useTheme matches pre-refactor base.
eafa545b2a34320b5e1eb2d99ba61b6888838da8,eafa545b2a,2026-05-06,Patrick Loser,use novel refactor (#1838),SKIP,SKIP-INFRA,-,-,-,"package.json,pnpm-lock.yaml,src/database/db.ts,src/database/queries/__tests__/NovelQueries.test.ts,src/database/queries/ChapterQueries.ts,src/database/queries/NovelQueries.ts,src/hooks/persisted/index.ts,src/hooks/persisted/useNovel.ts,src/hooks/persisted/useTheme.ts,src/screens/novel/components/ChapterItem.tsx,src/screens/novel/components/Info/NovelInfoHeader.tsx,src/screens/novel/components/JumpToChapterModal.tsx,src/screens/novel/components/NovelBottomSheet.tsx,src/screens/novel/components/NovelScreenList.tsx,src/screens/novel/components/PageNavigationBottomSheet.tsx,src/screens/novel/NovelScreen.tsx,src/screens/reader/components/ChapterDrawer/index.tsx,src/screens/reader/components/ReaderAppbar.tsx,src/screens/reader/components/ReaderFooter.tsx,src/screens/reader/hooks/useChapter.ts,src/screens/settings/SettingsAdvancedScreen.tsx,src/screens/settings/SettingsReaderScreen/tabs/NavigationTab.tsx,src/screens/updates/UpdatesScreen.tsx,src/services/migrate/migrateNovel.ts,strings/languages/en/strings.json,strings/types/index.ts",useNovel zustand store refactor (75 files) - fork has own useNovel hook + raw SQL. Maintainability-only.
b680a07750f0b7650836c0573566e641d4aaa679,b680a07750,2026-05-03,Jeon JaeHyeong,fix(browse): use gesture-handler pressable in pluginlistitem (#1828),SKIP,SKIP-OTHER,-,-,-,src/screens/browse/components/PluginListItem.tsx,No clear user value / overlaps fork-critical files or infra. See subagent report.
2a919ec0f963a4d4613e3e0ebe99a16fa7e2dbe3,2a919ec0f9,2026-05-03,Jeon JaeHyeong,chore: gitignore tsconfig.tsbuildinfo build cache (#1829),PORT,A1,LOW,YELLOW,MANUAL-trivial,.gitignore,gitignore tsconfig.tsbuildinfo. Fork .gitignore context differs (expo-cli block) - manual append (review 2026-08-04).
01596c045a4637acf056f75cf87ffc0198d79899,01596c045a,2026-04-14,Definisi,fix: apply active filters to chapter count display (closes #1793) (#1797),PORT,B-stretch,MEDIUM,YELLOW,MANUAL,"src/database/queries/ChapterQueries.ts,src/hooks/persisted/useNovel.ts",Apply active filters to chapter count display.
3de93c5c093ab2fb7e0d509e367e4fec813082e2,3de93c5c09,2026-04-13,Patrick Loser,feat: migrate from rn community cli to rock (#1812),SKIP,SKIP-INFRA,-,-,-,".gitignore,android/app/build.gradle,android/settings.gradle,babel.config.js,package.json,pnpm-lock.yaml,src/screens/more/About.tsx,src/screens/novel/components/Info/NovelInfoHeader.tsx,tsconfig.json",rock CLI build system; fork uses community CLI + Gradle 9.2.0.
306f5b27e2716f1a963fd992c06f5c961f44c926,306f5b27e2,2026-04-06,Patrick Loser,fix: install the right version of hermes compiler,SKIP,SKIP-INFRA,-,-,-,"package.json,pnpm-lock.yaml",Expo 55 toolchain pinning; N/A to fork Expo 54.
06f0f66e3e4659db14127b1b56202dd3a8fca521,06f0f66e3e,2026-04-05,Patrick Loser,fix: add hermes-compiler dev dep,SKIP,SKIP-INFRA,-,-,-,"package.json,pnpm-lock.yaml",Expo 55 toolchain pinning; N/A to fork Expo 54.
64921a054e9d4a11a0aad294b9703a3ab4c16b9f,64921a054e,2026-04-05,Patrick Loser,feat: expo 55 upgrade,SKIP,SKIP-INFRA,-,-,-,".gitignore,android/app/src/main/AndroidManifest.xml,android/app/src/main/java/com/rajarsheechatterjee/LNReader/MainApplication.kt,android/build.gradle,android/gradle/wrapper/gradle-wrapper.properties,android/settings.gradle,babel.config.js,package.json,pnpm-lock.yaml,src/components/BottomSheet/BottomSheet.tsx,src/components/List/List.tsx,src/database/db.ts,src/hooks/persisted/useNovel.ts,src/plugins/helpers/storage.ts,src/screens/Categories/components/CategoryCard.tsx,src/screens/more/About.tsx,src/screens/novel/components/ChapterItem.tsx,src/screens/novel/components/Info/NovelInfoHeader.tsx,src/screens/novel/components/JumpToChapterModal.tsx,src/screens/novel/components/NovelScreenList.tsx,src/screens/reader/components/ReaderBottomSheet/ReaderSheetPreferenceItem.tsx,src/screens/settings/SettingsAdvancedScreen.tsx",Expo 55 upgrade - belongs to fork own upgrade decision.
44e035ad38b25f79741199b6aea64479831ccc14,44e035ad38,2026-03-12,Rajarshee Chatterjee,chore: update translations (#1683),SKIP,SKIP-I18N,-,-,-,,Crowdin sync; fork strings at strings/languages with custom keys - manual per-key diff only.
1803cd071d24a4d8ada8c55814a6ce62eaf98481,1803cd071d,2026-02-25,Patrick Loser,feat: add testing support for react code  (#1763),SKIP,SKIP-CI,-,-,-,"__mocks__/react-native-mmkv.js,babel.config.js,package.json,pnpm-lock.yaml,src/hooks/persisted/useNovel.ts,src/services/migrate/migrateNovel.ts,tsconfig.json",CI/test infra.
e4d7ba306b4441b4743ab9edb7c96751d62e3cde,e4d7ba306b,2026-02-24,Patrick Loser,fix: safety level may not be changed inside a transaction error (#1758),SKIP,SKIP-DRIZZLE,-,-,-,src/database/db.ts,Drizzle db.ts PRAGMA handling.
cc0428752b2e9869677a6bd2dccc449f7a98a552,cc0428752b,2026-02-20,Rajarshee Chatterjee,feat: replace tts notifications with android mediasession controls (closes #1711),SKIP,ALREADY-HAVE,-,-,-,"android/app/build.gradle,android/app/src/main/assets/js/core.js,android/app/src/main/java/com/rajarsheechatterjee/LNReader/MainApplication.kt,App.tsx,src/screens/reader/components/WebViewReader.tsx",MediaSession controls; fork has own TTS media notification.
b8c177bc55016b5a8fb96cc120e8ac050a2f7c73,b8c177bc55,2026-02-19,Patrick Loser,refactor: migrate to drizzle and `op-sqlite` (#1735),SKIP,SKIP-DRIZZLE,-,-,-,".gitignore,App.tsx,babel.config.js,package.json,pnpm-lock.yaml,pnpm-workspace.yaml,src/components/ListView.tsx,src/components/NovelCover.tsx,src/database/db.ts,src/database/migrations/002_add_novel_counters.ts,src/database/migrations/index.ts,src/database/queries/__tests__/CategoryQueries.test.ts,src/database/queries/__tests__/HistoryQueries.test.ts,src/database/queries/__tests__/NovelQueries.test.ts,src/database/queries/__tests__/RepositoryQueries.test.ts,src/database/queries/__tests__/StatsQueries.test.ts,src/database/queries/CategoryQueries.ts,src/database/queries/ChapterQueries.ts,src/database/queries/NovelQueries.ts,src/database/queries/StatsQueries.ts,src/database/tables/ChapterTable.ts,src/database/types/index.ts,src/database/utils/migrationRunner.ts,src/hooks/common/useDatabaseInitialization.ts,src/hooks/common/useGithubUpdateChecker.ts,src/hooks/index.ts,src/hooks/persisted/useNovel.ts,src/hooks/persisted/useSettings.ts,src/navigators/types/index.ts,src/screens/browse/components/AvailableTab.tsx,src/screens/BrowseSourceScreen/components/FilterBottomSheet.tsx,src/screens/Categories/CategoriesScreen.tsx,src/screens/Categories/components/AddCategoryModal.tsx,src/screens/Categories/components/CategoryCard.tsx,src/screens/history/HistoryScreen.tsx,src/screens/library/hooks/useLibrary.ts,src/screens/library/LibraryScreen.tsx,src/screens/novel/components/ChapterItem.tsx,src/screens/novel/components/EditInfoModal.tsx,src/screens/novel/components/Info/NovelInfoHeader.tsx,src/screens/novel/components/NovelBottomSheet.tsx,src/screens/novel/components/NovelScreenList.tsx,src/screens/novel/components/SetCategoriesModal.tsx,src/screens/novel/NovelScreen.tsx,src/screens/reader/components/ChapterDrawer/index.tsx,src/screens/reader/hooks/useChapter.ts,src/screens/reader/ReaderScreen.tsx,src/screens/settings/SettingsAdvancedScreen.tsx,src/screens/settings/SettingsGeneralScreen/SettingsGeneralScreen.tsx,src/screens/settings/SettingsRepositoryScreen/components/DeleteRepositoryModal.tsx,src/screens/settings/SettingsRepositoryScreen/SettingsRepositoryScreen.tsx,src/screens/settings/SettingsTrackerScreen.tsx,src/screens/updates/components/UpdateNovelCard.tsx,src/services/backup/utils.ts,src/services/migrate/migrateNovel.ts,src/services/Trackers/mangaUpdates.ts,tsconfig.json",Drizzle/op-sqlite migration or API; fork uses raw SQL + MigrationRunner. NOT-FEASIBLE.
7083c51dea1be0af3bb0d53c341f19b32a35dca4,7083c51dea,2026-02-19,Rajarshee Chatterjee,fix: include selectedids in chapter list extradata for selection highlight (closes #1750),SKIP,SKIP-OTHER,-,-,-,src/screens/novel/components/NovelScreenList.tsx,No clear user value / overlaps fork-critical files or infra. See subagent report.
f0693204e1f8f961dff85b195f3c7f4f6f9bb0ce,f0693204e1,2026-02-18,tomsLt0,fix: improve next chapter selection logic (#1744),PORT,A2,MEDIUM,YELLOW,MANUAL,src/database/queries/ChapterQueries.ts,Next chapter selection logic + LIMIT 1; fork ChapterQueries.ts:441 identical pre-fix. Port with d15cf98.
3f8071e48ee603f906cc9e3910abe90d6e3874a5,3f8071e48e,2026-02-18,Rajarshee Chatterjee,chore: release v2.0.3,SKIP,SKIP-RELEASE,-,-,-,"android/app/build.gradle,package.json",Version bump; fork has own numbering (v2.1.3).
a1c5350e8e330e783b6537c366351c2082e99150,a1c5350e8e,2026-02-12,Rajarshee Chatterjee,fix: miscellaneous ui tweaks,SKIP,SKIP-OTHER,-,-,-,"src/components/List/List.tsx,src/screens/Categories/components/CategoryCard.tsx,src/screens/library/LibraryScreen.tsx,src/screens/novel/components/Info/NovelInfoComponents.tsx,src/screens/novel/components/Info/NovelInfoHeader.tsx,src/screens/updates/components/UpdateNovelCard.tsx",No clear user value / overlaps fork-critical files or infra. See subagent report.
8f237909d54310220d518000ace81b5fddbc3b5f,8f237909d5,2026-02-12,Rajarshee Chatterjee,feat: show first unread chapter in readbutton and fab when no last read,PORT,B,MEDIUM,YELLOW,MANUAL,"src/database/queries/ChapterQueries.ts,src/hooks/persisted/useNovel.ts,src/screens/novel/components/Info/NovelInfoHeader.tsx,src/screens/novel/components/NovelScreenList.tsx",First unread chapter in ReadButton/FAB (getFirstUnreadChapter SQL + wiring).
11ff69d4f5b4a79286247ac6c40ca1eac72ad283,11ff69d4f5,2026-02-12,Rajarshee Chatterjee,fix: pre-fetch adjacent page chapters in reader and library updates,PORT,D-optional,MEDIUM,RED,MANUAL-rewrite,"src/components/BottomSheet/BottomSheet.tsx,src/screens/reader/hooks/useChapter.ts",Pre-fetch adjacent page chapters - port only LibraryUpdateQueries preload part; reader part touches fork-critical useChapter.
d15cf987425709f97ec168a46af8d936e944c29e,d15cf98742,2026-02-12,Rajarshee Chatterjee,fix: order chapter pages numerically in queries for accurate retrieval (closes #1742),PORT,A2,MEDIUM,YELLOW,MANUAL,src/database/queries/ChapterQueries.ts,Numeric page ordering CAST(page AS INTEGER) in getCustomPages/getPrevChapter/getNextChapter; fork has identical buggy SQL.
29bd6612e9a9950c61b9a569b761ffa1aaa5d4eb,29bd6612e9,2026-02-12,Rajarshee Chatterjee,refactor: optimize library screen performance and fix category bug,PORT,D-optional,MEDIUM,RED,MANUAL-rewrite,"src/components/NovelCover.tsx,src/components/NovelList.tsx,src/screens/GlobalSearchScreen/components/GlobalSearchResultsList.tsx,src/screens/library/components/LibraryBottomSheet/LibraryBottomSheet.tsx,src/screens/library/hooks/useLibrary.ts,src/screens/library/LibraryScreen.tsx",Library screen perf + update-category index bug - re-implement on fork LibraryScreen/useLibrary.
ab1e36d280768be46acdb57557e09b3e2d37f12b,ab1e36d280,2026-02-08,Rajarshee Chatterjee,refactor: update components to follow material design 3 guidelines,SKIP,SKIP-OTHER,-,-,-,"src/components/Actionbar/Actionbar.tsx,src/components/BottomSheet/BottomSheet.tsx,src/components/BottomTabBar/index.tsx,src/components/Chip/Chip.tsx,src/components/ConfirmationDialog/ConfirmationDialog.tsx,src/components/IconButtonV2/IconButtonV2.tsx,src/components/List/List.tsx,src/components/Menu/index.tsx,src/components/SearchbarV2/SearchbarV2.tsx,src/components/SegmentedControl/SegmentedControl.tsx,src/components/Switch/Switch.tsx,src/components/Switch/SwitchItem.tsx,src/screens/more/MoreScreen.tsx,src/screens/novel/components/JumpToChapterModal.tsx,src/screens/reader/components/ReaderBottomSheet/ReaderSheetPreferenceItem.tsx",No clear user value / overlaps fork-critical files or infra. See subagent report.
f1fdafd37f1f7d0816484c2e414e39d9885499d8,f1fdafd37f,2026-02-07,Rajarshee Chatterjee,fix: prevent tab bar height jump and shadow flash on browse screen,PORT,A1,LOW,YELLOW,MANUAL,src/screens/browse/BrowseScreen.tsx,Browse tab-bar height jump/shadow flash (initialLayout). Fork BrowseScreen.tsx has eslint-disable header + no Color import - hunk fails apply; MANUAL (review 2026-08-04).
4c7684a3a71e57fb27f910b3edfbdd902353dd47,4c7684a3a7,2026-02-07,Rajarshee Chatterjee,refactor: optimize novel screen performance and fix download state tracking,PORT,D-optional,MEDIUM,RED,MANUAL-rewrite,".gitignore,src/hooks/persisted/useNovel.ts,src/screens/novel/components/Chapter/ChapterDownloadButtons.tsx,src/screens/novel/components/ChapterItem.tsx,src/screens/novel/components/Info/NovelInfoComponents.tsx,src/screens/novel/components/Info/NovelInfoHeader.tsx,src/screens/novel/components/NovelAppbar.tsx,src/screens/novel/components/NovelScreenList.tsx,src/screens/novel/components/PagePaginationControl.tsx,src/screens/novel/NovelScreen.tsx,src/screens/updates/components/UpdateNovelCard.tsx","Novel screen perf + download state tracking - port selectively (updateChapter state bug, Set-based download tracking)."
2f45db659b2fdfa77f9213023d9d2707cbc452e1,2f45db659b,2026-02-07,Rajarshee Chatterjee,fix: replace sync database operations with async to prevent database lock (closes #1716),PORT,D-optional,MEDIUM,RED,MANUAL-rewrite,"src/database/queries/ChapterQueries.ts,src/database/queries/NovelQueries.ts,src/hooks/persisted/useNovel.ts,src/screens/library/hooks/useLibrary.ts,src/screens/library/LibraryScreen.tsx,src/screens/novel/components/Chapter/ChapterDownloadButtons.tsx,src/services/migrate/migrateNovel.ts",Async DB ops to prevent SQLITE_BUSY - fork-side incremental effort.
9e38ad114d182d39880a962cb7acefa55235310d,9e38ad114d,2026-02-06,Rajarshee Chatterjee,fix: sanitize epub filename to remove filesystem-unsafe characters (closes #1480),PORT,A1,MEDIUM,GREEN,DIRECT,src/screens/novel/components/ExportNovelAsEpubButton.tsx,EPUB filename sanitize (1 line ExportNovelAsEpubButton).
45c4ea8ca02031c803224b0d906a6045364d2817,45c4ea8ca0,2026-02-06,Rajarshee Chatterjee,fix: handle ioexception in nativefile to prevent epub import crash loop (closes #1315),PORT,A1,MEDIUM,GREEN,DIRECT,android/app/src/main/java/com/rajarsheechatterjee/NativeFile/NativeFile.kt,NativeFile.kt IOException wrap; prevents EPUB import crash loop.
d2b95ae3166f337d8d3597e1cc9a0bff65832d62,d2b95ae316,2026-02-06,Rajarshee Chatterjee,fix: use nativefile for custom css/js import to fix content uri read failure (closes #1661),PORT,B-stretch,MEDIUM,YELLOW,MANUAL,src/screens/settings/SettingsReaderScreen/tabs/AdvancedTab.tsx,NativeFile for custom CSS/JS import (Content URI fix).
02121152b3e3cdbbaaff8a34b51cb8e9b2010538,02121152b3,2026-02-06,Rajarshee Chatterjee,fix: stabilize scroll handler references to prevent infinite re-render loop (closes #1679),SKIP,SKIP-OTHER,-,-,-,"src/screens/browse/discover/MalTopNovels.tsx,src/screens/novel/components/NovelScreenList.tsx",No clear user value / overlaps fork-critical files or infra. See subagent report.
caed965b6bad1b788eee3035daba42322454fe26,caed965b6b,2026-02-06,Rajarshee Chatterjee,fix: prevent epub import crash from documentpicker cache cleanup (closes #1725),PORT,B-stretch,MEDIUM,YELLOW,MANUAL,src/screens/library/LibraryScreen.tsx,EPUB import DocumentPicker cache-cleanup crash (copyToCacheDirectory:false).
4088d5966bbc5ec27801b1ddc553f5621b4b6d79,4088d5966b,2026-02-06,Rajarshee Chatterjee,fix: close okhttp response and streams in nativefile.downloadfile (closes #1740),PORT,A1,MEDIUM,GREEN,DIRECT,android/app/src/main/java/com/rajarsheechatterjee/NativeFile/NativeFile.kt,OkHttp response.use in NativeFile.downloadFile; leak fix.
a062beee87d4173383e3033eeacb9376642645e5,a062beee87,2026-02-06,Rajarshee Chatterjee,fix: add max height to set categories modal (closes #1738),PORT,A1,LOW,YELLOW,MANUAL,src/screens/novel/components/SetCategoriesModal.tsx,Set Categories modal maxHeight. Fork SetCategoriesModal rewritten (scaleDimension/AppText) - hunk fails apply; MANUAL (review 2026-08-04).
30958825162fbba2f7b805de6d41ab8e9183f28b,3095882516,2026-02-01,Patrick Loser,replace react-native-paper menus with custom implementation (#1733),SKIP,SKIP-OTHER,-,-,-,"src/components/Menu/index.tsx,src/screens/browse/components/Modals/SourceSettings.tsx,src/screens/BrowseSourceScreen/components/FilterBottomSheet.tsx,src/screens/more/TaskQueueScreen.tsx,src/screens/novel/components/Chapter/ChapterDownloadButtons.tsx",No clear user value / overlaps fork-critical files or infra. See subagent report.
4ad06397960f1fbc633604ef06c2dfca193a220e,4ad0639796,2026-01-31,Patrick Loser,fix: chapter loading for jump to chapter modal and chapter drawer,PORT,B,MEDIUM,YELLOW,MANUAL,"pnpm-lock.yaml,src/database/queries/ChapterQueries.ts,src/hooks/persisted/useNovel.ts,src/screens/novel/components/JumpToChapterModal.tsx,src/screens/novel/NovelScreen.tsx,src/screens/reader/components/ChapterDrawer/index.tsx",Jump-to-chapter/drawer reach unloaded chapters (getNovelChaptersByNumber/Name raw SQL + loadUpToBatch).
b53ec3352f8ce9084e32ddaa352526b39ec6003c,b53ec3352f,2026-01-28,Rajarshee Chatterjee,feat: support additional plugin setting types (dropdown and checkboxes),PORT,B-stretch,MEDIUM,YELLOW,MANUAL,"src/plugins/types/index.ts,src/screens/browse/components/Modals/SourceSettings.tsx",Plugin setting types: dropdown + checkboxes.
c40edd5b2cc68c2b746ba588aa39e142ab99f01e,c40edd5b2c,2026-01-25,Rajarshee Chatterjee,feat: add kitsu tracker (closes #416),PORT,B,HIGH,YELLOW,MANUAL,"src/screens/novel/components/Tracker/ScoreSelectors.tsx,src/screens/novel/components/Tracker/TrackerCards.tsx,src/screens/settings/SettingsTrackerScreen.tsx",Kitsu tracker (new kitsu.ts service + tracker UI wiring). Best value/effort in batch.
bdd42caaaf3c3d5961d444aabc9150057d2de5d9,bdd42caaaf,2026-01-20,Rajarshee Chatterjee,chore: update repository links to use lneader instead of lnreader,SKIP,SKIP-INFRA,-,-,-,"README.md,src/screens/more/About.tsx,strings/languages/en/strings.json",Repo-link rebrand to upstream org - actively harmful for fork.
ab4eee31ceb82c3f89e459279bef8b56de5ec10c,ab4eee31ce,2026-01-20,Rajarshee Chatterjee,feat: allow all safe tags and attributes when sanitizing chapter html (closes #1715),SKIP,SKIP-OTHER,-,-,-,src/screens/reader/utils/sanitizeChapterText.ts,No clear user value / overlaps fork-critical files or infra. See subagent report.
3f9886a2e5300bb9913888872847727ab63597fc,3f9886a2e5,2026-01-17,Rajarshee Chatterjee,chore: update repository links to use lneader instead of lnreader,SKIP,SKIP-INFRA,-,-,-,"README.md,src/screens/more/About.tsx,strings/languages/en/strings.json,strings/types/index.ts",Repo-link rebrand to upstream org - actively harmful for fork.
198b7443ae9c0ee7cc3ff608c0fc89a88880fa84,198b7443ae,2026-01-20,kingstar1111,feat: add rtl (right-to-left) language support (#1717),PORT,D-optional,MEDIUM,RED,MANUAL-rewrite,"src/components/Checkbox/Checkbox.tsx,src/components/Chip/Chip.tsx,src/components/ColorPreferenceItem/ColorPreferenceItem.tsx,src/components/List/List.tsx,src/components/ListView.tsx,src/components/Menu/index.tsx,src/components/RadioButton.tsx,src/components/RadioButton/RadioButton.tsx,src/components/SearchbarV2/SearchbarV2.tsx,src/components/Switch/SwitchItem.tsx,src/components/ThemePicker/ThemePicker.tsx,src/hooks/common/useGithubUpdateChecker.ts,src/navigators/BottomNavigator.tsx,src/screens/browse/components/PluginListItem.tsx,src/screens/browse/components/PluginListItemSkeleton.tsx,src/screens/browse/migration/MigrationSourceItem.tsx,src/screens/BrowseSourceScreen/components/FilterBottomSheet.tsx,src/screens/Categories/components/CategoryCard.tsx,src/screens/GlobalSearchScreen/components/GlobalSearchResultsList.tsx,src/screens/history/components/HistoryCard/HistoryCard.tsx,src/screens/library/hooks/useLibrary.ts,src/screens/library/LibraryScreen.tsx,src/screens/novel/components/ChapterItem.tsx,src/screens/novel/components/NovelAppbar.tsx,src/screens/novel/components/PageNavigationBottomSheet.tsx,src/screens/novel/components/PagePaginationControl.tsx,src/screens/novel/components/Tracker/TrackSearchDialog.tsx,src/screens/novel/components/Tracker/TrackSheet.tsx,src/screens/reader/components/ChapterDrawer/index.tsx,src/screens/reader/components/ReaderAppbar.tsx,src/screens/reader/components/ReaderBottomSheet/ReaderFontPicker.tsx,src/screens/reader/components/ReaderBottomSheet/TTSTab.tsx,src/screens/reader/components/WebViewReader.tsx,src/screens/reader/ReaderScreen.tsx,src/screens/settings/SettingsReaderScreen/components/TabBar.tsx,src/screens/settings/SettingsReaderScreen/SettingsReaderScreen.tsx,src/screens/settings/SettingsReaderScreen/tabs/AdvancedTab.tsx,src/screens/settings/SettingsTrackerScreen.tsx,src/screens/updates/components/UpdateNovelCard.tsx",RTL language support (44 files incl. WebViewReader).
f9c5ca303d71830811a203f98a17c3dd4846f887,f9c5ca303d,2026-01-16,Rajarshee Chatterjee,chore: update indonesian translations (closes #1653),SKIP,SKIP-I18N,-,-,-,,Crowdin sync; fork strings at strings/languages with custom keys - manual per-key diff only.
9922d4394058a6da29ab2789cd8d7b75a37bf1bc,9922d43940,2026-01-15,Rajarshee Chatterjee,fix: remove missing image references during epub export (closes #1696),PORT,B-stretch,MEDIUM,YELLOW,MANUAL,src/screens/novel/components/ExportNovelAsEpubButton.tsx,EPUB export missing-image cleanup.
ae99b077d4e883e678b31ba0235a7abae88e1e94,ae99b077d4,2026-01-15,Rajarshee Chatterjee,feat: add `@noble/ciphers` for plugins (closes #1709),PORT,B-stretch,MEDIUM,YELLOW,MANUAL,"package.json,pnpm-lock.yaml",@noble/ciphers for plugins.
0cb9da90276c6a30d5d917557195f0f0b0ebc70c,0cb9da9027,2026-01-15,Rajarshee Chatterjee,refactor: replace `withtransactionasync` with `withexclusivetransactionasync` for improved concurrency handling (closes #1636),PORT,A2,MEDIUM,YELLOW,MANUAL,"src/database/queries/CategoryQueries.ts,src/database/queries/NovelQueries.ts,src/database/queries/StatsQueries.ts,src/database/utils/helpers.tsx,src/services/migrate/migrateNovel.ts",Reclassified PORT-A2 per review 2026-08-04: PRE-Drizzle expo-sqlite tx fix (withTransactionAsync -> withExclusiveTransactionAsync + await runAsync); fork has identical pre-fix pattern (NovelQueries.ts:180/321, helpers.tsx:133-137 unawaited runAsync); maps 1:1 onto fork raw SQL.
